<?xml version="1.0" encoding="utf-8" standalone="yes"?>
<rss version="2.0" xmlns:atom="http://www.w3.org/2005/Atom">
  <channel>
    <title>Understanding-Deep-Networks on KTH ML Seminars</title>
    <link>https://www.csc.kth.se/cvap/cvg/ml-seminars/tags/understanding-deep-networks/</link>
    <description>Recent content in Understanding-Deep-Networks on KTH ML Seminars</description>
    <generator>Hugo -- gohugo.io</generator>
    <language>en-us</language>
    <copyright>© Copyright notice</copyright><atom:link href="https://www.csc.kth.se/cvap/cvg/ml-seminars/tags/understanding-deep-networks/index.xml" rel="self" type="application/rss+xml" />
    <item>
      <title>Daphna Weinshall</title>
      <link>https://www.csc.kth.se/cvap/cvg/ml-seminars/posts/post-7/</link>
      <pubDate>Mon, 01 Jan 0001 00:00:00 +0000</pubDate>
      
      <guid>https://www.csc.kth.se/cvap/cvg/ml-seminars/posts/post-7/</guid>
      <description>Title:
Speaker: Daphna Weinshall, Hebrew University, Jerusalem
Date and Time: 2019
Place: Room 525, Teknikringen 14
Abstract:
Bio:</description>
    </item>
    
  </channel>
</rss>
