<?xml version="1.0" encoding="utf-8" standalone="yes"?>
<rss version="2.0" xmlns:atom="http://www.w3.org/2005/Atom">
  <channel>
    <title>Unsupervised-Learning on KTH ML Seminars</title>
    <link>https://www.csc.kth.se/cvap/cvg/ml-seminars/tags/unsupervised-learning/</link>
    <description>Recent content in Unsupervised-Learning on KTH ML Seminars</description>
    <generator>Hugo -- gohugo.io</generator>
    <language>en-us</language>
    <copyright>© Copyright notice</copyright>
    <lastBuildDate>Tue, 18 May 2021 00:00:00 +0000</lastBuildDate><atom:link href="https://www.csc.kth.se/cvap/cvg/ml-seminars/tags/unsupervised-learning/index.xml" rel="self" type="application/rss+xml" />
    <item>
      <title>Mathilde Caron: TBD</title>
      <link>https://www.csc.kth.se/cvap/cvg/ml-seminars/posts/post-5/</link>
      <pubDate>Tue, 18 May 2021 00:00:00 +0000</pubDate>
      
      <guid>https://www.csc.kth.se/cvap/cvg/ml-seminars/posts/post-5/</guid>
      <description>Title: TBD
Speaker: Mathilde Caron, Facebook AI Research
Date and Time: Tuesday, May 18, 1-2 pm
Place: Zoom Meeting
Abstract: TBD
Bio: TBD</description>
    </item>
    
    <item>
      <title>Alyosha Efros: The Revolution Will Not Be Supervised</title>
      <link>https://www.csc.kth.se/cvap/cvg/ml-seminars/posts/post-6/</link>
      <pubDate>Mon, 01 Jan 0001 00:00:00 +0000</pubDate>
      
      <guid>https://www.csc.kth.se/cvap/cvg/ml-seminars/posts/post-6/</guid>
      <description>Title: The Revolution Will Not Be Supervised
Speaker: Alyosha Efros, University of California Berkeley
Date and Time: 2019
Place: Room 304, Teknikringen 14
Abstract: Computer vision has made impressive gains through the use of deep learning models trained with large-scale labeled data. However, labels require expertise and curation and are expensive to collect. Worse, semantic supervision often leads to models that can &amp;ldquo;cheat&amp;rdquo;. Can one discover useful visual representations without the use of explicitly curated labels?</description>
    </item>
    
  </channel>
</rss>
